ID,algorithm_name
14929,prefix_sum
14929,prefix_sum
2167,prefix_sum
2167,prefix_sum
20438,prefix_sum
20438,prefix_sum
11660,prefix_sum
11660,prefix_sum
21318,prefix_sum
21318,prefix_sum
1749,prefix_sum
1749,prefix_sum
2015,prefix_sum
2015,prefix_sum
10986,prefix_sum
10986,prefix_sum
20440,prefix_sum
20440,prefix_sum
21757,prefix_sum
21757,prefix_sum
20543,prefix_sum
20543,prefix_sum
20116,prefix_sum
20116,prefix_sum
11659,prefix_sum
11659,prefix_sum
17390,prefix_sum
17390,prefix_sum
11441,prefix_sum
11441,prefix_sum
17123,prefix_sum
17123,prefix_sum
16139,prefix_sum
16139,prefix_sum
16507,prefix_sum
16507,prefix_sum
5549,prefix_sum
5549,prefix_sum
20002,prefix_sum
20002,prefix_sum
10427,prefix_sum
10427,prefix_sum
19951,prefix_sum
19951,prefix_sum
18866,prefix_sum
18866,prefix_sum
20159,prefix_sum
20159,prefix_sum
10713,prefix_sum
10713,prefix_sum
2900,prefix_sum
2900,prefix_sum
16971,prefix_sum
16971,prefix_sum
3673,prefix_sum
3673,prefix_sum
2571,prefix_sum
2571,prefix_sum
5875,prefix_sum
5875,prefix_sum
19566,prefix_sum
19566,prefix_sum
14476,prefix_sum
14476,prefix_sum
18352,shortest_path
18352,shortest_path
11403,shortest_path
11403,shortest_path
13549,shortest_path
13549,shortest_path
11657,shortest_path
11657,shortest_path
1753,shortest_path
1753,shortest_path
1277,shortest_path
1277,shortest_path
2224,shortest_path
2224,shortest_path
1956,shortest_path
1956,shortest_path
22865,shortest_path
22865,shortest_path
11404,shortest_path
11404,shortest_path
11265,shortest_path
11265,shortest_path
14938,shortest_path
14938,shortest_path
10159,shortest_path
10159,shortest_path
1865,shortest_path
1865,shortest_path
1613,shortest_path
1613,shortest_path
1238,shortest_path
1238,shortest_path
1719,shortest_path
1719,shortest_path
1507,shortest_path
1507,shortest_path
1058,shortest_path
1058,shortest_path
18243,shortest_path
18243,shortest_path
1389,shortest_path
1389,shortest_path
1446,shortest_path
1446,shortest_path
15723,shortest_path
15723,shortest_path
17396,shortest_path
17396,shortest_path
1916,shortest_path
1916,shortest_path
20168,shortest_path
20168,shortest_path
9205,shortest_path
9205,shortest_path
2660,shortest_path
2660,shortest_path
5972,shortest_path
5972,shortest_path
14284,shortest_path
14284,shortest_path
1504,shortest_path
1504,shortest_path
20007,shortest_path
20007,shortest_path
10282,shortest_path
10282,shortest_path
1261,shortest_path
1261,shortest_path
21940,shortest_path
21940,shortest_path
4485,shortest_path
4485,shortest_path
18223,shortest_path
18223,shortest_path
13424,shortest_path
13424,shortest_path
2458,shortest_path
2458,shortest_path
20182,shortest_path
20182,shortest_path
11779,shortest_path
11779,shortest_path
11562,shortest_path
11562,shortest_path
20183,shortest_path
20183,shortest_path
9370,shortest_path
9370,shortest_path
13911,shortest_path
13911,shortest_path
1445,shortest_path
1445,shortest_path
11780,shortest_path
11780,shortest_path
2982,shortest_path
2982,shortest_path
2211,shortest_path
2211,shortest_path
16118,shortest_path
16118,shortest_path
2307,shortest_path
2307,shortest_path
1219,shortest_path
1219,shortest_path
22870,shortest_path
22870,shortest_path
1717,disjoint_set
1717,disjoint_set
18116,disjoint_set
18116,disjoint_set
1976,disjoint_set
1976,disjoint_set
16562,disjoint_set
16562,disjoint_set
4195,disjoint_set
4195,disjoint_set
10775,disjoint_set
10775,disjoint_set
7511,disjoint_set
7511,disjoint_set
17352,disjoint_set
17352,disjoint_set
16168,disjoint_set
16168,disjoint_set
20955,disjoint_set
20955,disjoint_set
12893,disjoint_set
12893,disjoint_set
14595,disjoint_set
14595,disjoint_set
15789,disjoint_set
15789,disjoint_set
1043,disjoint_set
1043,disjoint_set
20040,disjoint_set
20040,disjoint_set
17090,disjoint_set
17090,disjoint_set
16724,disjoint_set
16724,disjoint_set
11085,disjoint_set
11085,disjoint_set
3108,disjoint_set
3108,disjoint_set
17398,disjoint_set
17398,disjoint_set
6416,tree
6416,tree
11725,tree
11725,tree
14675,tree
14675,tree
1991,tree
1991,tree
9934,tree
9934,tree
1068,tree
1068,tree
17073,tree
17073,tree
9489,tree
9489,tree
20924,tree
20924,tree
5639,tree
5639,tree
1967,tree
1967,tree
3584,tree
3584,tree
2250,tree
2250,tree
4256,tree
4256,tree
2263,tree
2263,tree
9372,tree
9372,tree
20364,tree
20364,tree
15900,tree
15900,tree
19641,tree
19641,tree
15681,tree
15681,tree
1240,tree
1240,tree
4803,tree
4803,tree
1595,tree
1595,tree
14267,tree
14267,tree
20955,tree
20955,tree
16437,tree
16437,tree
19535,tree
19535,tree
2058,tree
2058,tree
2533,tree
2533,tree
19542,tree
19542,tree
11437,tree
11437,tree
12978,tree
12978,tree
14657,tree
14657,tree
2233,tree
2233,tree
1167,tree
1167,tree
4933,tree
4933,tree
12896,tree
12896,tree
21276,tree
21276,tree
1949,tree
1949,tree
14570,tree
14570,tree
19581,tree
19581,tree
2213,tree
2213,tree
12912,tree
12912,tree
4315,tree
4315,tree
18258,data_structure
18258,data_structure
10828,data_structure
10828,data_structure
9012,data_structure
9012,data_structure
1158,data_structure
1158,data_structure
2164,data_structure
2164,data_structure
10866,data_structure
10866,data_structure
2346,data_structure
2346,data_structure
1935,data_structure
1935,data_structure
1966,data_structure
1966,data_structure
1874,data_structure
1874,data_structure
10799,data_structure
10799,data_structure
2504,data_structure
2504,data_structure
2493,data_structure
2493,data_structure
22942,data_structure
22942,data_structure
2800,data_structure
2800,data_structure
1918,data_structure
1918,data_structure
4949,data_structure
4949,data_structure
10845,data_structure
10845,data_structure
3986,data_structure
3986,data_structure
18115,data_structure
18115,data_structure
1021,data_structure
1021,data_structure
5397,data_structure
5397,data_structure
5430,data_structure
5430,data_structure
1863,data_structure
1863,data_structure
22866,data_structure
22866,data_structure
10870,dynamic_programming_1
10870,dynamic_programming_1
2748,dynamic_programming_1
2748,dynamic_programming_1
1010,dynamic_programming_1
1010,dynamic_programming_1
9655,dynamic_programming_1
9655,dynamic_programming_1
2839,dynamic_programming_1
2839,dynamic_programming_1
1463,dynamic_programming_1
1463,dynamic_programming_1
2579,dynamic_programming_1
2579,dynamic_programming_1
11726,dynamic_programming_1
11726,dynamic_programming_1
2407,dynamic_programming_1
2407,dynamic_programming_1
17626,dynamic_programming_1
17626,dynamic_programming_1
11727,dynamic_programming_1
11727,dynamic_programming_1
9095,dynamic_programming_1
9095,dynamic_programming_1
1912,dynamic_programming_1
1912,dynamic_programming_1
11053,dynamic_programming_1
11053,dynamic_programming_1
22857,dynamic_programming_1
22857,dynamic_programming_1
11055,dynamic_programming_1
11055,dynamic_programming_1
21317,dynamic_programming_1
21317,dynamic_programming_1
10844,dynamic_programming_1
10844,dynamic_programming_1
1890,dynamic_programming_1
1890,dynamic_programming_1
2156,dynamic_programming_1
2156,dynamic_programming_1
22869,dynamic_programming_1
22869,dynamic_programming_1
11660,dynamic_programming_1
11660,dynamic_programming_1
9465,dynamic_programming_1
9465,dynamic_programming_1
2294,dynamic_programming_1
2294,dynamic_programming_1
15486,dynamic_programming_1
15486,dynamic_programming_1
1106,dynamic_programming_1
1106,dynamic_programming_1
2293,dynamic_programming_1
2293,dynamic_programming_1
2491,dynamic_programming_1
2491,dynamic_programming_1
2670,dynamic_programming_1
2670,dynamic_programming_1
10211,dynamic_programming_1
10211,dynamic_programming_1
15624,dynamic_programming_1
15624,dynamic_programming_1
15489,dynamic_programming_1
15489,dynamic_programming_1
13699,dynamic_programming_1
13699,dynamic_programming_1
1003,dynamic_programming_1
1003,dynamic_programming_1
2193,dynamic_programming_1
2193,dynamic_programming_1
17175,dynamic_programming_1
17175,dynamic_programming_1
9461,dynamic_programming_1
9461,dynamic_programming_1
2876,dynamic_programming_1
2876,dynamic_programming_1
17212,dynamic_programming_1
17212,dynamic_programming_1
14501,dynamic_programming_1
14501,dynamic_programming_1
15988,dynamic_programming_1
15988,dynamic_programming_1
11060,dynamic_programming_1
11060,dynamic_programming_1
10164,dynamic_programming_1
10164,dynamic_programming_1
11051,dynamic_programming_1
11051,dynamic_programming_1
1699,dynamic_programming_1
1699,dynamic_programming_1
18353,dynamic_programming_1
18353,dynamic_programming_1
17291,dynamic_programming_1
17291,dynamic_programming_1
20152,dynamic_programming_1
20152,dynamic_programming_1
4097,dynamic_programming_1
4097,dynamic_programming_1
1965,dynamic_programming_1
1965,dynamic_programming_1
19622,dynamic_programming_1
19622,dynamic_programming_1
11568,dynamic_programming_1
11568,dynamic_programming_1
14430,dynamic_programming_1
14430,dynamic_programming_1
20162,dynamic_programming_1
20162,dynamic_programming_1
11048,dynamic_programming_1
11048,dynamic_programming_1
11722,dynamic_programming_1
11722,dynamic_programming_1
15990,dynamic_programming_1
15990,dynamic_programming_1
22871,dynamic_programming_1
22871,dynamic_programming_1
1495,dynamic_programming_1
1495,dynamic_programming_1
2302,dynamic_programming_1
2302,dynamic_programming_1
1309,dynamic_programming_1
1309,dynamic_programming_1
15991,dynamic_programming_1
15991,dynamic_programming_1
11057,dynamic_programming_1
11057,dynamic_programming_1
16195,dynamic_programming_1
16195,dynamic_programming_1
15992,dynamic_programming_1
15992,dynamic_programming_1
15993,dynamic_programming_1
15993,dynamic_programming_1
1149,dynamic_programming_1
1149,dynamic_programming_1
1932,dynamic_programming_1
1932,dynamic_programming_1
11052,dynamic_programming_1
11052,dynamic_programming_1
12026,dynamic_programming_1
12026,dynamic_programming_1
12101,dynamic_programming_1
12101,dynamic_programming_1
16194,dynamic_programming_1
16194,dynamic_programming_1
2011,dynamic_programming_1
2011,dynamic_programming_1
13910,dynamic_programming_1
13910,dynamic_programming_1
1660,dynamic_programming_1
1660,dynamic_programming_1
2565,dynamic_programming_1
2565,dynamic_programming_1
15989,dynamic_programming_1
15989,dynamic_programming_1
14852,dynamic_programming_1
14852,dynamic_programming_1
14722,dynamic_programming_1
14722,dynamic_programming_1
1633,dynamic_programming_1
1633,dynamic_programming_1
1197,minimum_spanning_tree
1197,minimum_spanning_tree
21924,minimum_spanning_tree
21924,minimum_spanning_tree
16398,minimum_spanning_tree
16398,minimum_spanning_tree
1647,minimum_spanning_tree
1647,minimum_spanning_tree
1922,minimum_spanning_tree
1922,minimum_spanning_tree
1774,minimum_spanning_tree
1774,minimum_spanning_tree
14621,minimum_spanning_tree
14621,minimum_spanning_tree
1368,minimum_spanning_tree
1368,minimum_spanning_tree
17490,minimum_spanning_tree
17490,minimum_spanning_tree
13905,minimum_spanning_tree
13905,minimum_spanning_tree
6497,minimum_spanning_tree
6497,minimum_spanning_tree
18769,minimum_spanning_tree
18769,minimum_spanning_tree
14950,minimum_spanning_tree
14950,minimum_spanning_tree
13418,minimum_spanning_tree
13418,minimum_spanning_tree
2406,minimum_spanning_tree
2406,minimum_spanning_tree
1414,minimum_spanning_tree
1414,minimum_spanning_tree
4386,minimum_spanning_tree
4386,minimum_spanning_tree
16202,minimum_spanning_tree
16202,minimum_spanning_tree
10423,minimum_spanning_tree
10423,minimum_spanning_tree
20010,minimum_spanning_tree
20010,minimum_spanning_tree
1944,minimum_spanning_tree
1944,minimum_spanning_tree
1045,minimum_spanning_tree
1045,minimum_spanning_tree
17472,minimum_spanning_tree
17472,minimum_spanning_tree
2887,minimum_spanning_tree
2887,minimum_spanning_tree
18222,divide_and_conquer
18222,divide_and_conquer
2630,divide_and_conquer
2630,divide_and_conquer
17829,divide_and_conquer
17829,divide_and_conquer
1992,divide_and_conquer
1992,divide_and_conquer
1074,divide_and_conquer
1074,divide_and_conquer
2447,divide_and_conquer
2447,divide_and_conquer
2448,divide_and_conquer
2448,divide_and_conquer
4256,divide_and_conquer
4256,divide_and_conquer
4779,divide_and_conquer
4779,divide_and_conquer
1780,divide_and_conquer
1780,divide_and_conquer
1802,divide_and_conquer
1802,divide_and_conquer
14600,divide_and_conquer
14600,divide_and_conquer
5904,divide_and_conquer
5904,divide_and_conquer
2374,divide_and_conquer
2374,divide_and_conquer
1030,divide_and_conquer
1030,divide_and_conquer
16438,divide_and_conquer
16438,divide_and_conquer
1493,divide_and_conquer
1493,divide_and_conquer
14601,divide_and_conquer
14601,divide_and_conquer
18312,brute_force
18312,brute_force
22864,brute_force
22864,brute_force
2231,brute_force
2231,brute_force
2798,brute_force
2798,brute_force
19532,brute_force
19532,brute_force
18511,brute_force
18511,brute_force
15721,brute_force
15721,brute_force
2422,brute_force
2422,brute_force
1969,brute_force
1969,brute_force
5568,brute_force
5568,brute_force
16439,brute_force
16439,brute_force
16937,brute_force
16937,brute_force
16508,brute_force
16508,brute_force
17626,brute_force
17626,brute_force
2503,brute_force
2503,brute_force
14501,brute_force
14501,brute_force
14620,brute_force
14620,brute_force
2961,brute_force
2961,brute_force
9079,brute_force
9079,brute_force
2615,brute_force
2615,brute_force
12919,brute_force
12919,brute_force
1025,brute_force
1025,brute_force
1548,brute_force
1548,brute_force
15661,brute_force
15661,brute_force
21315,brute_force
21315,brute_force
15686,brute_force
15686,brute_force
21278,brute_force
21278,brute_force
14500,brute_force
14500,brute_force
22944,brute_force
22944,brute_force
16637,brute_force
16637,brute_force
14391,brute_force
14391,brute_force
18808,brute_force
18808,brute_force
21943,brute_force
21943,brute_force
4690,brute_force
4690,brute_force
9094,brute_force
9094,brute_force
14697,brute_force
14697,brute_force
1668,brute_force
1668,brute_force
13410,brute_force
13410,brute_force
3040,brute_force
3040,brute_force
2309,brute_force
2309,brute_force
18512,brute_force
18512,brute_force
2435,brute_force
2435,brute_force
2160,brute_force
2160,brute_force
10448,brute_force
10448,brute_force
18868,brute_force
18868,brute_force
1145,brute_force
1145,brute_force
11170,brute_force
11170,brute_force
19947,brute_force
19947,brute_force
2635,brute_force
2635,brute_force
15779,brute_force
15779,brute_force
1543,brute_force
1543,brute_force
1251,brute_force
1251,brute_force
7568,brute_force
7568,brute_force
5671,brute_force
5671,brute_force
1436,brute_force
1436,brute_force
14912,brute_force
14912,brute_force
1059,brute_force
1059,brute_force
16951,brute_force
16951,brute_force
5883,brute_force
5883,brute_force
17521,brute_force
17521,brute_force
1487,brute_force
1487,brute_force
1359,brute_force
1359,brute_force
1018,brute_force
1018,brute_force
15970,brute_force
15970,brute_force
1065,brute_force
1065,brute_force
4096,brute_force
4096,brute_force
1120,brute_force
1120,brute_force
11502,brute_force
11502,brute_force
1895,brute_force
1895,brute_force
9996,brute_force
9996,brute_force
15728,brute_force
15728,brute_force
17484,brute_force
17484,brute_force
1503,brute_force
1503,brute_force
3085,brute_force
3085,brute_force
2304,brute_force
2304,brute_force
1254,brute_force
1254,brute_force
1411,brute_force
1411,brute_force
19949,brute_force
19949,brute_force
1421,brute_force
1421,brute_force
15270,brute_force
15270,brute_force
1747,brute_force
1747,brute_force
17610,brute_force
17610,brute_force
1527,brute_force
1527,brute_force
14225,brute_force
14225,brute_force
16943,brute_force
16943,brute_force
1107,brute_force
1107,brute_force
1711,brute_force
1711,brute_force
10472,brute_force
10472,brute_force
1581,brute_force
1581,brute_force
17085,brute_force
17085,brute_force
1034,brute_force
1034,brute_force
17471,brute_force
17471,brute_force
22947,brute_force
22947,brute_force
16986,brute_force
16986,brute_force
1789,binary_search
1789,binary_search
10815,binary_search
10815,binary_search
2417,binary_search
2417,binary_search
19637,binary_search
19637,binary_search
11663,binary_search
11663,binary_search
1654,binary_search
1654,binary_search
2805,binary_search
2805,binary_search
2512,binary_search
2512,binary_search
22871,binary_search
22871,binary_search
3079,binary_search
3079,binary_search
2470,binary_search
2470,binary_search
20444,binary_search
20444,binary_search
2412,binary_search
2412,binary_search
1477,binary_search
1477,binary_search
2110,binary_search
2110,binary_search
13397,binary_search
13397,binary_search
1939,binary_search
1939,binary_search
2473,binary_search
2473,binary_search
7453,binary_search
7453,binary_search
1300,binary_search
1300,binary_search
1920,binary_search
1920,binary_search
2776,binary_search
2776,binary_search
20551,binary_search
20551,binary_search
10816,binary_search
10816,binary_search
17266,binary_search
17266,binary_search
16960,binary_search
16960,binary_search
1166,binary_search
1166,binary_search
1072,binary_search
1072,binary_search
11561,binary_search
11561,binary_search
17451,binary_search
17451,binary_search
17124,binary_search
17124,binary_search
17393,binary_search
17393,binary_search
2121,binary_search
2121,binary_search
7795,binary_search
7795,binary_search
14627,binary_search
14627,binary_search
18113,binary_search
18113,binary_search
15810,binary_search
15810,binary_search
13702,binary_search
13702,binary_search
16401,binary_search
16401,binary_search
14575,binary_search
14575,binary_search
6236,binary_search
6236,binary_search
17503,binary_search
17503,binary_search
2343,binary_search
2343,binary_search
16564,binary_search
16564,binary_search
2792,binary_search
2792,binary_search
11687,binary_search
11687,binary_search
18114,binary_search
18114,binary_search
2467,binary_search
2467,binary_search
2866,binary_search
2866,binary_search
9024,binary_search
9024,binary_search
20495,binary_search
20495,binary_search
3020,binary_search
3020,binary_search
16434,binary_search
16434,binary_search
8983,binary_search
8983,binary_search
17179,binary_search
17179,binary_search
22945,binary_search
22945,binary_search
2022,binary_search
2022,binary_search
12757,binary_search
12757,binary_search
2143,binary_search
2143,binary_search
17951,binary_search
17951,binary_search
9007,binary_search
9007,binary_search
2613,binary_search
2613,binary_search
15823,binary_search
15823,binary_search
15732,binary_search
15732,binary_search
6209,binary_search
6209,binary_search
1561,binary_search
1561,binary_search
15649,backtracking
15649,backtracking
15651,backtracking
15651,backtracking
15654,backtracking
15654,backtracking
15650,backtracking
15650,backtracking
15656,backtracking
15656,backtracking
15652,backtracking
15652,backtracking
15657,backtracking
15657,backtracking
15655,backtracking
15655,backtracking
10971,backtracking
10971,backtracking
1182,backtracking
1182,backtracking
15663,backtracking
15663,backtracking
15665,backtracking
15665,backtracking
15664,backtracking
15664,backtracking
15666,backtracking
15666,backtracking
14888,backtracking
14888,backtracking
6443,backtracking
6443,backtracking
1174,backtracking
1174,backtracking
3980,backtracking
3980,backtracking
16987,backtracking
16987,backtracking
14712,backtracking
14712,backtracking
1062,backtracking
1062,backtracking
2580,backtracking
2580,backtracking
9663,backtracking
9663,backtracking
18430,backtracking
18430,backtracking
2661,backtracking
2661,backtracking
22944,backtracking
22944,backtracking
17136,backtracking
17136,backtracking
1799,backtracking
1799,backtracking
16922,backtracking
16922,backtracking
18429,backtracking
18429,backtracking
10974,backtracking
10974,backtracking
20950,backtracking
20950,backtracking
19699,backtracking
19699,backtracking
13908,backtracking
13908,backtracking
15658,backtracking
15658,backtracking
6603,backtracking
6603,backtracking
10819,backtracking
10819,backtracking
19949,backtracking
19949,backtracking
18290,backtracking
18290,backtracking
15566,backtracking
15566,backtracking
1497,backtracking
1497,backtracking
1342,backtracking
1342,backtracking
14889,backtracking
14889,backtracking
1189,backtracking
1189,backtracking
2529,backtracking
2529,backtracking
12101,backtracking
12101,backtracking
16198,backtracking
16198,backtracking
7682,backtracking
7682,backtracking
10421,backtracking
10421,backtracking
10597,backtracking
10597,backtracking
1469,backtracking
1469,backtracking
1038,backtracking
1038,backtracking
20208,backtracking
20208,backtracking
1759,backtracking
1759,backtracking
2023,backtracking
2023,backtracking
12908,backtracking
12908,backtracking
7490,backtracking
7490,backtracking
16938,backtracking
16938,backtracking
1553,backtracking
1553,backtracking
15918,backtracking
15918,backtracking
19942,backtracking
19942,backtracking
1987,backtracking
1987,backtracking
6987,backtracking
6987,backtracking
1405,backtracking
1405,backtracking
2239,backtracking
2239,backtracking
2922,backtracking
2922,backtracking
15659,backtracking
15659,backtracking
15684,backtracking
15684,backtracking
9944,backtracking
9944,backtracking
1248,backtracking
1248,backtracking
16571,backtracking
16571,backtracking
1941,backtracking
1941,backtracking
3165,backtracking
3165,backtracking
2026,backtracking
2026,backtracking
1729,backtracking
1729,backtracking
20436,simulation
20436,simulation
5212,simulation
5212,simulation
1713,simulation
1713,simulation
21922,simulation
21922,simulation
20165,simulation
20165,simulation
14891,simulation
14891,simulation
20055,simulation
20055,simulation
15683,simulation
15683,simulation
17837,simulation
17837,simulation
22861,simulation
22861,simulation
13460,simulation
13460,simulation
14594,simulation
14594,simulation
21610,simulation
21610,simulation
14503,simulation
14503,simulation
20665,simulation
20665,simulation
20056,simulation
20056,simulation
16234,simulation
16234,simulation
3190,simulation
3190,simulation
17140,simulation
17140,simulation
14499,simulation
14499,simulation
17144,simulation
17144,simulation
16235,simulation
16235,simulation
8972,simulation
8972,simulation
17135,simulation
17135,simulation
20058,simulation
20058,simulation
16236,simulation
16236,simulation
17779,simulation
17779,simulation
15685,simulation
15685,simulation
18808,simulation
18808,simulation
20057,simulation
20057,simulation
19238,simulation
19238,simulation
17822,simulation
17822,simulation
20061,simulation
20061,simulation
21609,simulation
21609,simulation
16939,simulation
16939,simulation
17780,simulation
17780,simulation
19236,simulation
19236,simulation
2933,simulation
2933,simulation
17143,simulation
17143,simulation
13459,simulation
13459,simulation
18500,simulation
18500,simulation
19237,simulation
19237,simulation
18809,simulation
18809,simulation
15653,simulation
15653,simulation
15644,simulation
15644,simulation
19235,simulation
19235,simulation
5373,simulation
5373,simulation
3025,simulation
3025,simulation
2606,graph_traversal
2606,graph_traversal
1260,graph_traversal
1260,graph_traversal
11725,graph_traversal
11725,graph_traversal
1325,graph_traversal
1325,graph_traversal
14940,graph_traversal
14940,graph_traversal
16918,graph_traversal
16918,graph_traversal
2667,graph_traversal
2667,graph_traversal
2178,graph_traversal
2178,graph_traversal
13549,graph_traversal
13549,graph_traversal
17836,graph_traversal
17836,graph_traversal
13023,graph_traversal
13023,graph_traversal
7576,graph_traversal
7576,graph_traversal
7569,graph_traversal
7569,graph_traversal
2668,graph_traversal
2668,graph_traversal
18513,graph_traversal
18513,graph_traversal
2573,graph_traversal
2573,graph_traversal
16973,graph_traversal
16973,graph_traversal
16234,graph_traversal
16234,graph_traversal
1967,graph_traversal
1967,graph_traversal
14502,graph_traversal
14502,graph_traversal
2636,graph_traversal
2636,graph_traversal
5547,graph_traversal
5547,graph_traversal
4179,graph_traversal
4179,graph_traversal
1600,graph_traversal
1600,graph_traversal
2206,graph_traversal
2206,graph_traversal
9466,graph_traversal
9466,graph_traversal
22868,graph_traversal
22868,graph_traversal
16954,graph_traversal
16954,graph_traversal
16932,graph_traversal
16932,graph_traversal
22946,graph_traversal
22946,graph_traversal
22948,graph_traversal
22948,graph_traversal
16956,graph_traversal
16956,graph_traversal
18352,graph_traversal
18352,graph_traversal
18232,graph_traversal
18232,graph_traversal
21938,graph_traversal
21938,graph_traversal
1012,graph_traversal
1012,graph_traversal
16953,graph_traversal
16953,graph_traversal
11724,graph_traversal
11724,graph_traversal
13565,graph_traversal
13565,graph_traversal
5567,graph_traversal
5567,graph_traversal
14496,graph_traversal
14496,graph_traversal
17086,graph_traversal
17086,graph_traversal
1058,graph_traversal
1058,graph_traversal
4963,graph_traversal
4963,graph_traversal
2644,graph_traversal
2644,graph_traversal
14248,graph_traversal
14248,graph_traversal
11123,graph_traversal
11123,graph_traversal
1697,graph_traversal
1697,graph_traversal
5014,graph_traversal
5014,graph_traversal
1303,graph_traversal
1303,graph_traversal
17129,graph_traversal
17129,graph_traversal
1926,graph_traversal
1926,graph_traversal
16174,graph_traversal
16174,graph_traversal
18404,graph_traversal
18404,graph_traversal
1743,graph_traversal
1743,graph_traversal
21937,graph_traversal
21937,graph_traversal
7562,graph_traversal
7562,graph_traversal
12761,graph_traversal
12761,graph_traversal
6118,graph_traversal
6118,graph_traversal
2583,graph_traversal
2583,graph_traversal
14716,graph_traversal
14716,graph_traversal
3184,graph_traversal
3184,graph_traversal
3187,graph_traversal
3187,graph_traversal
16948,graph_traversal
16948,graph_traversal
1068,graph_traversal
1068,graph_traversal
18405,graph_traversal
18405,graph_traversal
15558,graph_traversal
15558,graph_traversal
16928,graph_traversal
16928,graph_traversal
2589,graph_traversal
2589,graph_traversal
10026,graph_traversal
10026,graph_traversal
9019,graph_traversal
9019,graph_traversal
1707,graph_traversal
1707,graph_traversal
5427,graph_traversal
5427,graph_traversal
12851,graph_traversal
12851,graph_traversal
16432,graph_traversal
16432,graph_traversal
2194,graph_traversal
2194,graph_traversal
13913,graph_traversal
13913,graph_traversal
3055,graph_traversal
3055,graph_traversal
14923,graph_traversal
14923,graph_traversal
11559,graph_traversal
11559,graph_traversal
17141,graph_traversal
17141,graph_traversal
2665,graph_traversal
2665,graph_traversal
6087,graph_traversal
6087,graph_traversal
2151,graph_traversal
2151,graph_traversal
17142,graph_traversal
17142,graph_traversal
1726,graph_traversal
1726,graph_traversal
14442,graph_traversal
14442,graph_traversal
2146,graph_traversal
2146,graph_traversal
16947,graph_traversal
16947,graph_traversal
17616,graph_traversal
17616,graph_traversal
2638,graph_traversal
2638,graph_traversal
2234,graph_traversal
2234,graph_traversal
16988,graph_traversal
16988,graph_traversal
10711,graph_traversal
10711,graph_traversal
16985,graph_traversal
16985,graph_traversal
22949,graph_traversal
22949,graph_traversal
2581,math
2581,math
22864,math
22864,math
1978,math
1978,math
2745,math
2745,math
5618,math
5618,math
1110,math
1110,math
11653,math
11653,math
1934,math
1934,math
2609,math
2609,math
5347,math
5347,math
4134,math
4134,math
21920,math
21920,math
9613,math
9613,math
2960,math
2960,math
21919,math
21919,math
21275,math
21275,math
1747,math
1747,math
22943,math
22943,math
21312,math
21312,math
2553,math
2553,math
2824,math
2824,math
9421,math
9421,math
2168,math
2168,math
1990,math
1990,math
1456,math
1456,math
2436,math
2436,math
1669,math
1669,math
3343,math
3343,math
1188,math
1188,math
14425,trie
14425,trie
4358,trie
4358,trie
5052,trie
5052,trie
20166,trie
20166,trie
14725,trie
14725,trie
9202,trie
9202,trie
5670,trie
5670,trie
19585,trie
19585,trie
5446,trie
5446,trie
1620,data_structure2
1620,data_structure2
14425,data_structure2
14425,data_structure2
2075,data_structure2
2075,data_structure2
4358,data_structure2
4358,data_structure2
11279,data_structure2
11279,data_structure2
11286,data_structure2
11286,data_structure2
7662,data_structure2
7662,data_structure2
21939,data_structure2
21939,data_structure2
21942,data_structure2
21942,data_structure2
21944,data_structure2
21944,data_structure2
2696,data_structure2
2696,data_structure2
2776,data_structure2
2776,data_structure2
10546,data_structure2
10546,data_structure2
1302,data_structure2
1302,data_structure2
1269,data_structure2
1269,data_structure2
9375,data_structure2
9375,data_structure2
19583,data_structure2
19583,data_structure2
1927,data_structure2
1927,data_structure2
17255,data_structure2
17255,data_structure2
12764,data_structure2
12764,data_structure2
1655,data_structure2
1655,data_structure2
15724,dynamic_programming_2
15724,dynamic_programming_2
12865,dynamic_programming_2
12865,dynamic_programming_2
9251,dynamic_programming_2
9251,dynamic_programming_2
2225,dynamic_programming_2
2225,dynamic_programming_2
5557,dynamic_programming_2
5557,dynamic_programming_2
17485,dynamic_programming_2
17485,dynamic_programming_2
14567,dynamic_programming_2
14567,dynamic_programming_2
9084,dynamic_programming_2
9084,dynamic_programming_2
2758,dynamic_programming_2
2758,dynamic_programming_2
1915,dynamic_programming_2
1915,dynamic_programming_2
10942,dynamic_programming_2
10942,dynamic_programming_2
2073,dynamic_programming_2
2073,dynamic_programming_2
21941,dynamic_programming_2
21941,dynamic_programming_2
18427,dynamic_programming_2
18427,dynamic_programming_2
2056,dynamic_programming_2
2056,dynamic_programming_2
21923,dynamic_programming_2
21923,dynamic_programming_2
2624,dynamic_programming_2
2624,dynamic_programming_2
2631,dynamic_programming_2
2631,dynamic_programming_2
1520,dynamic_programming_2
1520,dynamic_programming_2
2228,dynamic_programming_2
2228,dynamic_programming_2
1005,dynamic_programming_2
1005,dynamic_programming_2
2629,dynamic_programming_2
2629,dynamic_programming_2
1695,dynamic_programming_2
1695,dynamic_programming_2
11049,dynamic_programming_2
11049,dynamic_programming_2
1823,dynamic_programming_2
1823,dynamic_programming_2
20542,dynamic_programming_2
20542,dynamic_programming_2
3687,dynamic_programming_2
3687,dynamic_programming_2
20181,dynamic_programming_2
20181,dynamic_programming_2
1535,dynamic_programming_2
1535,dynamic_programming_2
17216,dynamic_programming_2
17216,dynamic_programming_2
2688,dynamic_programming_2
2688,dynamic_programming_2
13398,dynamic_programming_2
13398,dynamic_programming_2
1577,dynamic_programming_2
1577,dynamic_programming_2
11909,dynamic_programming_2
11909,dynamic_programming_2
5582,dynamic_programming_2
5582,dynamic_programming_2
16400,dynamic_programming_2
16400,dynamic_programming_2
17070,dynamic_programming_2
17070,dynamic_programming_2
17265,dynamic_programming_2
17265,dynamic_programming_2
14728,dynamic_programming_2
14728,dynamic_programming_2
20002,dynamic_programming_2
20002,dynamic_programming_2
17845,dynamic_programming_2
17845,dynamic_programming_2
2229,dynamic_programming_2
2229,dynamic_programming_2
4811,dynamic_programming_2
4811,dynamic_programming_2
3067,dynamic_programming_2
3067,dynamic_programming_2
2157,dynamic_programming_2
2157,dynamic_programming_2
2253,dynamic_programming_2
2253,dynamic_programming_2
13902,dynamic_programming_2
13902,dynamic_programming_2
14863,dynamic_programming_2
14863,dynamic_programming_2
14226,dynamic_programming_2
14226,dynamic_programming_2
1757,dynamic_programming_2
1757,dynamic_programming_2
14925,dynamic_programming_2
14925,dynamic_programming_2
4095,dynamic_programming_2
4095,dynamic_programming_2
13707,dynamic_programming_2
13707,dynamic_programming_2
2411,dynamic_programming_2
2411,dynamic_programming_2
13302,dynamic_programming_2
13302,dynamic_programming_2
14699,dynamic_programming_2
14699,dynamic_programming_2
11985,dynamic_programming_2
11985,dynamic_programming_2
17208,dynamic_programming_2
17208,dynamic_programming_2
17255,dynamic_programming_2
17255,dynamic_programming_2
1958,dynamic_programming_2
1958,dynamic_programming_2
2602,dynamic_programming_2
2602,dynamic_programming_2
11054,dynamic_programming_2
11054,dynamic_programming_2
14945,dynamic_programming_2
14945,dynamic_programming_2
5569,dynamic_programming_2
5569,dynamic_programming_2
17069,dynamic_programming_2
17069,dynamic_programming_2
17404,dynamic_programming_2
17404,dynamic_programming_2
1937,dynamic_programming_2
1937,dynamic_programming_2
1301,dynamic_programming_2
1301,dynamic_programming_2
1082,dynamic_programming_2
1082,dynamic_programming_2
7579,dynamic_programming_2
7579,dynamic_programming_2
5624,dynamic_programming_2
5624,dynamic_programming_2
21925,dynamic_programming_2
21925,dynamic_programming_2
10653,dynamic_programming_2
10653,dynamic_programming_2
2616,dynamic_programming_2
2616,dynamic_programming_2
11066,dynamic_programming_2
11066,dynamic_programming_2
1516,dynamic_programming_2
1516,dynamic_programming_2
1943,dynamic_programming_2
1943,dynamic_programming_2
1727,dynamic_programming_2
1727,dynamic_programming_2
12015,dynamic_programming_2
12015,dynamic_programming_2
20667,dynamic_programming_2
20667,dynamic_programming_2
19645,dynamic_programming_2
19645,dynamic_programming_2
2753,implementation
2753,implementation
5597,implementation
5597,implementation
20053,implementation
20053,implementation
1212,implementation
1212,implementation
21918,implementation
21918,implementation
14467,implementation
14467,implementation
20546,implementation
20546,implementation
1244,implementation
1244,implementation
4396,implementation
4396,implementation
2578,implementation
2578,implementation
20436,implementation
20436,implementation
10994,implementation
10994,implementation
1913,implementation
1913,implementation
17413,implementation
17413,implementation
22858,implementation
22858,implementation
20291,implementation
20291,implementation
15787,implementation
15787,implementation
12933,implementation
12933,implementation
2615,implementation
2615,implementation
17276,implementation
17276,implementation
20207,implementation
20207,implementation
16926,implementation
16926,implementation
16719,implementation
16719,implementation
14719,implementation
14719,implementation
20164,implementation
20164,implementation
22856,implementation
22856,implementation
22859,implementation
22859,implementation
22860,implementation
22860,implementation
21756,implementation
21756,implementation
2729,implementation
2729,implementation
18311,implementation
18311,implementation
1316,implementation
1316,implementation
5766,implementation
5766,implementation
15886,implementation
15886,implementation
17128,implementation
17128,implementation
10703,implementation
10703,implementation
1283,implementation
1283,implementation
9081,implementation
9081,implementation
9934,implementation
9934,implementation
16927,implementation
16927,implementation
2469,implementation
2469,implementation
21608,implementation
21608,implementation
16935,implementation
16935,implementation
2877,implementation
2877,implementation
17406,implementation
17406,implementation
21277,implementation
21277,implementation
1022,implementation
1022,implementation
20327,implementation
20327,implementation
21611,implementation
21611,implementation
15806,implementation
15806,implementation
17470,implementation
17470,implementation
14916,greedy
14916,greedy
1343,greedy
1343,greedy
2217,greedy
2217,greedy
1758,greedy
1758,greedy
11047,greedy
11047,greedy
11508,greedy
11508,greedy
11399,greedy
11399,greedy
20300,greedy
20300,greedy
13305,greedy
13305,greedy
20365,greedy
20365,greedy
20115,greedy
20115,greedy
16953,greedy
16953,greedy
1541,greedy
1541,greedy
1931,greedy
1931,greedy
21314,greedy
21314,greedy
1092,greedy
1092,greedy
11000,greedy
11000,greedy
21758,greedy
21758,greedy
19598,greedy
19598,greedy
2212,greedy
2212,greedy
13164,greedy
13164,greedy
2141,greedy
2141,greedy
1715,greedy
1715,greedy
2285,greedy
2285,greedy
13975,greedy
13975,greedy
2812,greedy
2812,greedy
8980,greedy
8980,greedy
21313,greedy
21313,greedy
1817,greedy
1817,greedy
16208,greedy
16208,greedy
1439,greedy
1439,greedy
11256,greedy
11256,greedy
16435,greedy
16435,greedy
19939,greedy
19939,greedy
17521,greedy
17521,greedy
2847,greedy
2847,greedy
13413,greedy
13413,greedy
16162,greedy
16162,greedy
12782,greedy
12782,greedy
1449,greedy
1449,greedy
14400,greedy
14400,greedy
14247,greedy
14247,greedy
16206,greedy
16206,greedy
1946,greedy
1946,greedy
17615,greedy
17615,greedy
1080,greedy
1080,greedy
1474,greedy
1474,greedy
1455,greedy
1455,greedy
20117,greedy
20117,greedy
11509,greedy
11509,greedy
19539,greedy
19539,greedy
1374,greedy
1374,greedy
6068,greedy
6068,greedy
12931,greedy
12931,greedy
1744,greedy
1744,greedy
2138,greedy
2138,greedy
13019,greedy
13019,greedy
2457,greedy
2457,greedy
1082,greedy
1082,greedy
21925,greedy
21925,greedy
2109,greedy
2109,greedy
18234,greedy
18234,greedy
11728,two_pointer
11728,two_pointer
21921,two_pointer
21921,two_pointer
20922,two_pointer
20922,two_pointer
2470,two_pointer
2470,two_pointer
22862,two_pointer
22862,two_pointer
3151,two_pointer
3151,two_pointer
1806,two_pointer
1806,two_pointer
15961,two_pointer
15961,two_pointer
22945,two_pointer
22945,two_pointer
20366,two_pointer
20366,two_pointer
7453,two_pointer
7453,two_pointer
20442,two_pointer
20442,two_pointer
21279,two_pointer
21279,two_pointer
2018,two_pointer
2018,two_pointer
6159,two_pointer
6159,two_pointer
1940,two_pointer
1940,two_pointer
2003,two_pointer
2003,two_pointer
10025,two_pointer
10025,two_pointer
2428,two_pointer
2428,two_pointer
3273,two_pointer
3273,two_pointer
2559,two_pointer
2559,two_pointer
2531,two_pointer
2531,two_pointer
15565,two_pointer
15565,two_pointer
2230,two_pointer
2230,two_pointer
1484,two_pointer
1484,two_pointer
2467,two_pointer
2467,two_pointer
2118,two_pointer
2118,two_pointer
9024,two_pointer
9024,two_pointer
14921,two_pointer
14921,two_pointer
6137,two_pointer
6137,two_pointer
13422,two_pointer
13422,two_pointer
15831,two_pointer
15831,two_pointer
16472,two_pointer
16472,two_pointer
2473,two_pointer
2473,two_pointer
1644,two_pointer
1644,two_pointer
20181,two_pointer
20181,two_pointer
11720,string
11720,string
11365,string
11365,string
3029,string
3029,string
16916,string
16916,string
9046,string
9046,string
16171,string
16171,string
10798,string
10798,string
20154,string
20154,string
6550,string
6550,string
1181,string
1181,string
4659,string
4659,string
1316,string
1316,string
1764,string
1764,string
17413,string
17413,string
20291,string
20291,string
9342,string
9342,string
17609,string
17609,string
20437,string
20437,string
20210,string
20210,string
2744,string
2744,string
10808,string
10808,string
10988,string
10988,string
20944,string
20944,string
1152,string
1152,string
1159,string
1159,string
10809,string
10809,string
1718,string
1718,string
9933,string
9933,string
1942,string
1942,string
6996,string
6996,string
1259,string
1259,string
2204,string
2204,string
1032,string
1032,string
11655,string
11655,string
4446,string
4446,string
12871,string
12871,string
2941,string
2941,string
14405,string
14405,string
20114,string
20114,string
1622,string
1622,string
4836,string
4836,string
4396,string
4396,string
1620,string
1620,string
19844,string
19844,string
5534,string
5534,string
9242,string
9242,string
11656,string
11656,string
3613,string
3613,string
19948,string
19948,string
1213,string
1213,string
2852,string
2852,string
9536,string
9536,string
1972,string
1972,string
11478,string
11478,string
13022,string
13022,string
12933,string
12933,string
19583,string
19583,string
3005,string
3005,string
3107,string
3107,string
2671,string
2671,string
15927,string
15927,string
2115,string
2115,string
16890,string
16890,string
15681,dynamic_programming_on_trees
15681,dynamic_programming_on_trees
2533,dynamic_programming_on_trees
2533,dynamic_programming_on_trees
1949,dynamic_programming_on_trees
1949,dynamic_programming_on_trees
2213,dynamic_programming_on_trees
2213,dynamic_programming_on_trees
2058,dynamic_programming_on_trees
2058,dynamic_programming_on_trees
12978,dynamic_programming_on_trees
12978,dynamic_programming_on_trees
1135,dynamic_programming_on_trees
1135,dynamic_programming_on_trees
17831,dynamic_programming_on_trees
17831,dynamic_programming_on_trees
14567,topological_sorting
14567,topological_sorting
1005,topological_sorting
1005,topological_sorting
2623,topological_sorting
2623,topological_sorting
2252,topological_sorting
2252,topological_sorting
1766,topological_sorting
1766,topological_sorting
2056,topological_sorting
2056,topological_sorting
14676,topological_sorting
14676,topological_sorting
9470,topological_sorting
9470,topological_sorting
1516,topological_sorting
1516,topological_sorting
21276,topological_sorting
21276,topological_sorting
2637,topological_sorting
2637,topological_sorting
20119,topological_sorting
20119,topological_sorting
3665,topological_sorting
3665,topological_sorting
1948,topological_sorting
1948,topological_sorting
